{"web":{"client_id":"168896011937-vhscrqn7i743fbp1lb2ctpeq89u9ai5f.apps.googleusercontent.com","project_id":"api-7968283799996374050-896948","auth_uri":"https://accounts.google.com/o/oauth2/auth","token_uri":"https://accounts.google.com/o/oauth2/token","auth_provider_x509_cert_url":"https://www.googleapis.com/oauth2/v1/certs","client_secret":"1UA_iDMXt81BW4X85WChNWFr","redirect_uris":["http://playstore.androidhtml5.com/editAPKlistings.php","http://playstore.androidhtml5.com/editAPKs.php","http://playstore.androidhtml5.com/editImages.php","http://playstore.androidhtml5.com/editListings.php","http://localhost/out/playstoreDashboard/editAPKs.php","http://localhost/out/playstoreDashboard/editAPKlistings.php","http://localhost/out/playstoreDashboard/editImages.php","http://localhost/out/playstoreDashboard/editListings.php"]}}